{"cameraMode":{"drawMode":0,"name":"Shaded","section":"Shading Mode"},"sceneLighting":true,"audioPlay":false,"sceneViewState":{"showFog":true,"showMaterialUpdate":false,"showSkybox":false,"showFlares":true,"showImageEffects":true,"showParticleSystems":true},"in2DMode":false,"pivot":{"x":-22.43000030517578,"y":-2.121000051498413,"z":0.12099993973970413},"rotation":{"x":-0.10935482382774353,"y":-0.06496283411979675,"z":0.0071624331176280979,"w":-0.9918522238731384},"size":0.6228215098381043,"orthographic":false}