{"cameraMode":{"drawMode":0,"name":"Shaded","section":"Shading Mode"},"sceneLighting":false,"audioPlay":false,"sceneViewState":{"showFog":true,"showMaterialUpdate":false,"showSkybox":false,"showFlares":true,"showImageEffects":true,"showParticleSystems":true},"in2DMode":false,"pivot":{"x":20.219999313354493,"y":-9.930000305175782,"z":0.000001430511474609375},"rotation":{"x":-0.0011877318611368538,"y":0.016493553295731546,"z":0.00006973515701247379,"w":0.9998946189880371},"size":4.011459827423096,"orthographic":true}