{"cameraMode":{"drawMode":0,"name":"Shaded","section":"Shading Mode"},"sceneLighting":false,"audioPlay":false,"sceneViewState":{"showFog":true,"showMaterialUpdate":false,"showSkybox":false,"showFlares":true,"showImageEffects":true,"showParticleSystems":true},"in2DMode":false,"pivot":{"x":0.0,"y":-9.800000190734864,"z":4.76837158203125e-7},"rotation":{"x":-0.11487345397472382,"y":0.03276445344090462,"z":0.003841784782707691,"w":0.9928633570671082},"size":3.5315794944763185,"orthographic":false}