{"cameraMode":{"drawMode":0,"name":"Shaded","section":"Shading Mode"},"sceneLighting":false,"audioPlay":false,"sceneViewState":{"showFog":true,"showMaterialUpdate":false,"showSkybox":false,"showFlares":true,"showImageEffects":true,"showParticleSystems":true},"in2DMode":false,"pivot":{"x":12.420000076293946,"y":0.34999966621398928,"z":2.384185791015625e-7},"rotation":{"x":-0.0011877318611368538,"y":0.016493553295731546,"z":0.00006973515701247379,"w":0.9998946189880371},"size":4.5988545417785648,"orthographic":true}