{"cameraMode":{"drawMode":0,"name":"Shaded","section":"Shading Mode"},"sceneLighting":false,"audioPlay":false,"sceneViewState":{"showFog":true,"showMaterialUpdate":false,"showSkybox":false,"showFlares":true,"showImageEffects":true,"showParticleSystems":true},"in2DMode":false,"pivot":{"x":20.660001754760743,"y":10.0,"z":0.000006198883056640625},"rotation":{"x":-0.11487345397472382,"y":0.03276445344090462,"z":0.003841784782707691,"w":0.9928633570671082},"size":7.797755718231201,"orthographic":false}