{"cameraMode":{"drawMode":0,"name":"Shaded","section":"Shading Mode"},"sceneLighting":false,"audioPlay":false,"sceneViewState":{"showFog":true,"showMaterialUpdate":false,"showSkybox":false,"showFlares":true,"showImageEffects":true,"showParticleSystems":true},"in2DMode":false,"pivot":{"x":4.76837158203125e-7,"y":-0.000006198883056640625,"z":-9.5367431640625e-7},"rotation":{"x":-0.156450092792511,"y":0.8058761954307556,"z":-0.24428506195545197,"w":-0.5162059664726257},"size":7.797755241394043,"orthographic":false}