{"cameraMode":{"drawMode":0,"name":"Shaded","section":"Shading Mode"},"sceneLighting":false,"audioPlay":false,"sceneViewState":{"showFog":true,"showMaterialUpdate":false,"showSkybox":false,"showFlares":true,"showImageEffects":true,"showParticleSystems":true},"in2DMode":false,"pivot":{"x":0.6832442879676819,"y":-6.036498069763184,"z":-1.8626543283462525},"rotation":{"x":0.43355509638786318,"y":-0.49112558364868166,"z":0.6895447373390198,"w":0.3087993264198303},"size":9.280678749084473,"orthographic":false}